Workbook

Sheet Execution Log
A1: Date | B1: Time | C1: Execution ID | D1: Input Source | E1: User ID | F1: Status | G1: Picasso Image | H1: Kling Time (s) | I1: TTS Time (s) | J1: Lip Sync Time (s) | K1: Compress Time (s) | L1: Total Time (s) | M1: Original Size (MB) | N1: Final Size (MB) | O1: Compression % | P1: Kling Cost | Q1: TTS Cost | R1: Lip Sync Cost | S1: Cloudinary Cost | T1: Total Cost | U1: Kling Retries | V1: TTS Retries | W1: LS Retries | X1: Error Message | Y1: Notes
A2: 2026-01-10 | B2: 12:47:50 | C2: abc123 | D2: telegram | E2: 123456789 | F2: completed | G2: picasso_studio_1927.jpg | H2: 180 | I2: 5 | J2: 30 | K2: 3 | L2: =SUM(H2:K2) | M2: 22.5 | N2: 7.2 | O2: =1-(N2/M2) | P2: 1 | Q2: 0.05 | R2: 0.2 | S2: 0.01 | T2: =SUM(P2:S2)

Sheet Daily Summary
A1: Date | B1: Total Executions | C1: Successful | D1: Failed | E1: Success Rate | F1: Telegram | G1: Form | H1: Total Cost | I1: Kling Cost | J1: TTS Cost | K1: Lip Sync Cost | L1: Cloudinary Cost | M1: Avg Time (s) | N1: Avg Size (MB) | O1: Avg Compression
A2: 2026-01-10 | B2: =COUNTIF('Execution Log'!A:A,A2) | C2: =COUNTIFS('Execution Log'!A:A,A2,'Execution Log'!F:F,"completed") | D2: =B2-C2 | E2: =IF(B2>0,C2/B2,0) | F2: =COUNTIFS('Execution Log'!A:A,A2,'Execution Log'!D:D,"telegram") | G2: =COUNTIFS('Execution Log'!A:A,A2,'Execution Log'!D:D,"form") | H2: =SUMIF('Execution Log'!A:A,A2,'Execution Log'!T:T) | I2: =SUMIF('Execution Log'!A:A,A2,'Execution Log'!P:P) | J2: =SUMIF('Execution Log'!A:A,A2,'Execution Log'!Q:Q) | K2: =SUMIF('Execution Log'!A:A,A2,'Execution Log'!R:R) | L2: =SUMIF('Execution Log'!A:A,A2,'Execution Log'!S:S) | M2: =AVERAGEIF('Execution Log'!A:A,A2,'Execution Log'!L:L) | N2: =AVERAGEIF('Execution Log'!A:A,A2,'Execution Log'!N:N) | O2: =AVERAGEIF('Execution Log'!A:A,A2,'Execution Log'!O:O)

Sheet Cost Analysis
A1: COST ANALYSIS DASHBOARD
A2: Service | B2: Unit Cost | C2: Total Units | D2: Total Cost
A3: Kling O1 | B3: 1 | C3: =COUNTA('Execution Log'!P:P)-1 | D3: =B3*C3
A4: ElevenLabs TTS | B4: 0.05 | C4: =COUNTA('Execution Log'!Q:Q)-1 | D4: =B4*C4
A5: LatentSync | B5: 0.2 | C5: =COUNTA('Execution Log'!R:R)-1 | D5: =B5*C5
A6: Cloudinary | B6: 0.01 | C6: =COUNTA('Execution Log'!S:S)-1 | D6: =B6*C6
A8: TOTAL | D8: =SUM(D3:D6)
A11: COST PER VIDEO
A12: Average Cost/Video: | B12: =IF(C3>0,D8/C3,0)

Sheet Performance
A1: PERFORMANCE METRICS
A2: Metric | B2: Value | C2: Target
A3: Total Executions | B3: =COUNTA('Execution Log'!C:C)-1 | C3: -
A4: Success Rate | B4: =COUNTIF('Execution Log'!F:F,"completed")/(COUNTA('Execution Log'!F:F)-1) | C4: >95%
A5: Avg Processing Time (s) | B5: =AVERAGE('Execution Log'!L:L) | C5: <300
A6: Avg Original Size (MB) | B6: =AVERAGE('Execution Log'!M:M) | C6: -
A7: Avg Final Size (MB) | B7: =AVERAGE('Execution Log'!N:N) | C7: 5-10
A8: Avg Compression | B8: =AVERAGE('Execution Log'!O:O) | C8: >60%
A9: Avg Cost/Video | B9: =AVERAGE('Execution Log'!T:T) | C9: ~$1.26
A11: Kling Avg Retries | B11: =AVERAGE('Execution Log'!U:U) | C11: <15
A12: TTS Avg Retries | B12: =AVERAGE('Execution Log'!V:V) | C12: <5
A13: Lip Sync Avg Retries | B13: =AVERAGE('Execution Log'!W:W) | C13: <10

Sheet Reference
A1: DATA DICTIONARY REFERENCE
A3: Field | B3: Type | C3: Description | D3: Phase
A4: executionId | B4: string | C4: n8n workflow execution ID | D4: 1
A5: inputSource | B5: enum | C5: telegram or form | D5: 1
A6: chatId | B6: string | C6: Telegram chat ID | D6: 1
A7: userEmail | B7: string | C7: Form user email | D7: 1
A8: klingRequestId | B8: string | C8: Kling API request ID | D8: 1
A9: klingStatus | B9: enum | C9: IN_QUEUE, IN_PROGRESS, COMPLETED, FAILED | D9: 1
A10: klingVideoUrl | B10: string | C10: Generated video URL | D10: 1
A11: ttsRequestId | B11: string | C11: ElevenLabs request ID | D11: 2
A12: ttsAudioUrl | B12: string | C12: Generated audio URL | D12: 2
A13: latentSyncVideoUrl | B13: string | C13: Lip-synced video URL | D13: 2
A14: cloudinaryPublicId | B14: string | C14: Cloudinary asset ID | D14: 3
... A18: totalCost | B18: number | C18: Sum of all service costs | D18: 4
